/*
2006/08/01 by KongYong

功能：
	初始化系统数据表

*/
USE KpowerERP
GO
declare @ID int      --基础表ID
declare @CompID int  --公司ID
declare @DeptID int  --部门ID
declare @cEmpID int  --员工ID
declare @EmpID int   --登录用户ID
--初始化基础数据表
insert into tBaseData(DataValue,Enabled,DataType) values('集团公司',1,9)
set @ID = @@IDENTITY
--初始化公司表
insert into tCompany(CompTypeID,CompNO,CompName) values(@ID,'GS-001','董事长开源ERP')
set @CompID = @@IDENTITY
--初始化部门表
insert into tDepartment(ParentDeptID,CompID,DeptNO,DeptName) values(null,@CompID,'BM-001','行政部')
set @DeptID = @@IDENTITY
--初始化公文头表
insert into tDoctype(CompID,DocHeadName) values(@CompID,'董事长开源ERP')
--初始化人员类型表
insert into tBaseData(DataValue,Enabled,DataType) values('管理员',1,17)
set @ID = @@IDENTITY
--初始化人员表
insert into tCompanyEmployee(CompID,DeptID,EmpNO,EmpName,Sex,TypeID)values(@CompID,@DeptID,'YG-001','系统管理员','男',@ID)
set @cEmpID = @@IDENTITY
--初始化登录人员表
insert into tEmployee(cEmpID,CompID,DeptID,EmpNO,EmpName,Account,[Password],Sex,Birthday,Mobile,Pocility,HealthyStatus,Marrage,Job,BaseWages)values(@cEmpID,@CompID,@DeptID,'YG-001','系统管理员','Admin','40BD001563085FC35165329EA1FF5C5ECBDBBEEF','男','1970-8-8','13800886688','其它','其它',0,'员工',0)
set @EmpID = @@IDENTITY
--初始化权限表
insert into tModel(ModelID,PModelID,OrderNums,ModelName,PModelName,URL,UrlDescribe)values(11000,NULL,0,'基本数据','NULL','NULL','NULL')
insert into tModel(ModelID,PModelID,OrderNums,ModelName,PModelName,URL,UrlDescribe)values(11001,11000,0,'公司资料','基本数据','NULL','NULL')
insert into tModel(ModelID,PModelID,OrderNums,ModelName,PModelName,URL,UrlDescribe)values(11002,11000,0,'部门资料','基本数据','NULL','NULL')
insert into tModel(ModelID,PModelID,OrderNums,ModelName,PModelName,URL,UrlDescribe)values(11003,11000,0,'登录用户','基本数据','NULL','NULL')
insert into tModel(ModelID,PModelID,OrderNums,ModelName,PModelName,URL,UrlDescribe)values(11004,11000,0,'仓库资料','基本数据','NULL','NULL')
insert into tModel(ModelID,PModelID,OrderNums,ModelName,PModelName,URL,UrlDescribe)values(11005,11000,0,'计量单位','基本数据','NULL','NULL')
--insert into tModel(ModelID,PModelID,OrderNums,ModelName,PModelName,URL,UrlDescribe)values(11006,11000,0,'供货商/客户资料','基本数据','NULL','NULL')
insert into tModel(ModelID,PModelID,OrderNums,ModelName,PModelName,URL,UrlDescribe)values(11007,11000,0,'单据编码前缀','基本数据','NULL','NULL')
insert into tModel(ModelID,PModelID,OrderNums,ModelName,PModelName,URL,UrlDescribe)values(11008,11000,0,'地区资料','基本数据','NULL','NULL')
insert into tModel(ModelID,PModelID,OrderNums,ModelName,PModelName,URL,UrlDescribe)values(11009,11000,0,'客户类别','基本数据','NULL','NULL')
insert into tModel(ModelID,PModelID,OrderNums,ModelName,PModelName,URL,UrlDescribe)values(11010,11000,0,'运输方式','基本数据','NULL','NULL')
insert into tModel(ModelID,PModelID,OrderNums,ModelName,PModelName,URL,UrlDescribe)values(11011,11000,0,'颜色','基本数据','NULL','NULL')
insert into tModel(ModelID,PModelID,OrderNums,ModelName,PModelName,URL,UrlDescribe)values(11012,11000,0,'产品类别','基本数据','NULL','NULL')
insert into tModel(ModelID,PModelID,OrderNums,ModelName,PModelName,URL,UrlDescribe)values(11013,11000,0,'产品型号','基本数据','NULL','NULL')
insert into tModel(ModelID,PModelID,OrderNums,ModelName,PModelName,URL,UrlDescribe)values(11014,11000,0,'产品规格','基本数据','NULL','NULL')
insert into tModel(ModelID,PModelID,OrderNums,ModelName,PModelName,URL,UrlDescribe)values(11015,11000,0,'收款方式','基本数据','NULL','NULL')
insert into tModel(ModelID,PModelID,OrderNums,ModelName,PModelName,URL,UrlDescribe)values(11016,11000,0,'客户维护费用类别','基本数据','NULL','NULL')
insert into tModel(ModelID,PModelID,OrderNums,ModelName,PModelName,URL,UrlDescribe)values(11017,11000,0,'物料类别','基本数据','NULL','NULL')
insert into tModel(ModelID,PModelID,OrderNums,ModelName,PModelName,URL,UrlDescribe)values(11018,11000,0,'公司类别','基本数据','NULL','NULL')
insert into tModel(ModelID,PModelID,OrderNums,ModelName,PModelName,URL,UrlDescribe)values(11019,11000,0,'按权限组配置','基本数据','NULL','NULL')
insert into tModel(ModelID,PModelID,OrderNums,ModelName,PModelName,URL,UrlDescribe)values(11020,11000,0,'按人员配置','基本数据','NULL','NULL')
insert into tModel(ModelID,PModelID,OrderNums,ModelName,PModelName,URL,UrlDescribe)values(11021,11000,0,'按模块配置','基本数据','NULL','NULL')
insert into tModel(ModelID,PModelID,OrderNums,ModelName,PModelName,URL,UrlDescribe)values(11022,11000,0,'半成品型号','基本数据','NULL','NULL')
insert into tModel(ModelID,PModelID,OrderNums,ModelName,PModelName,URL,UrlDescribe)values(11023,11000,0,'产品型号','基本数据','NULL','NULL')
insert into tModel(ModelID,PModelID,OrderNums,ModelName,PModelName,URL,UrlDescribe)values(11024,11000,0,'半成品规格','基本数据','NULL','NULL')
insert into tModel(ModelID,PModelID,OrderNums,ModelName,PModelName,URL,UrlDescribe)values(11025,11000,0,'产品规格','基本数据','NULL','NULL')
insert into tModel(ModelID,PModelID,OrderNums,ModelName,PModelName,URL,UrlDescribe)values(11026,11000,0,'产品状态','基本数据','NULL','NULL')
insert into tModel(ModelID,PModelID,OrderNums,ModelName,PModelName,URL,UrlDescribe)values(11027,11000,0,'权限组','基本数据','NULL','NULL')
insert into tModel(ModelID,PModelID,OrderNums,ModelName,PModelName,URL,UrlDescribe)values(11028,11000,0,'产品类型','基本数据','NULL','NULL')
insert into tModel(ModelID,PModelID,OrderNums,ModelName,PModelName,URL,UrlDescribe)values(11029,11000,0,'半成品类型','基本数据','NULL','NULL')
insert into tModel(ModelID,PModelID,OrderNums,ModelName,PModelName,URL,UrlDescribe)values(11030,11000,0,'产品类型','基本数据','NULL','NULL')
insert into tModel(ModelID,PModelID,OrderNums,ModelName,PModelName,URL,UrlDescribe)values(11031,11000,0,'供应商类别','基本数据','NULL','NULL')
insert into tModel(ModelID,PModelID,OrderNums,ModelName,PModelName,URL,UrlDescribe)values(11032,11000,0,'员工类别','基本数据','NULL','NULL')
insert into tModel(ModelID,PModelID,OrderNums,ModelName,PModelName,URL,UrlDescribe)values(11033,11000,0,'员工职务','基本数据','NULL','NULL')
insert into tModel(ModelID,PModelID,OrderNums,ModelName,PModelName,URL,UrlDescribe)values(11034,11000,0,'配件类型','基本数据','NULL','NULL')
insert into tModel(ModelID,PModelID,OrderNums,ModelName,PModelName,URL,UrlDescribe)values(11035,11000,0,'配件型号','基本数据','NULL','NULL')
insert into tModel(ModelID,PModelID,OrderNums,ModelName,PModelName,URL,UrlDescribe)values(11036,11000,0,'配件规格','基本数据','NULL','NULL')
insert into tModel(ModelID,PModelID,OrderNums,ModelName,PModelName,URL,UrlDescribe)values(11037,11000,0,'易耗品类型','基本数据','NULL','NULL')
insert into tModel(ModelID,PModelID,OrderNums,ModelName,PModelName,URL,UrlDescribe)values(11038,11000,0,'易耗品型号','基本数据','NULL','NULL')
insert into tModel(ModelID,PModelID,OrderNums,ModelName,PModelName,URL,UrlDescribe)values(11039,11000,0,'易耗品规格','基本数据','NULL','NULL')
insert into tModel(ModelID,PModelID,OrderNums,ModelName,PModelName,URL,UrlDescribe)values(11040,11000,0,'公文头','基本数据','NULL','NULL')
insert into tModel(ModelID,PModelID,OrderNums,ModelName,PModelName,URL,UrlDescribe)values(11041,11000,0,'查看所有客户','基本数据','NULL','NULL')
insert into tModel(ModelID,PModelID,OrderNums,ModelName,PModelName,URL,UrlDescribe)values(11042,11000,0,'入库类别','基本数据','NULL','NULL')
insert into tModel(ModelID,PModelID,OrderNums,ModelName,PModelName,URL,UrlDescribe)values(11043,11000,0,'出库类别','基本数据','NULL','NULL')
insert into tModel(ModelID,PModelID,OrderNums,ModelName,PModelName,URL,UrlDescribe)values(11044,11000,0,'设备类别','基本数据','NULL','NULL')
insert into tModel(ModelID,PModelID,OrderNums,ModelName,PModelName,URL,UrlDescribe)values(12000,NULL,0,'产品管理','NULL','NULL','NULL')
insert into tModel(ModelID,PModelID,OrderNums,ModelName,PModelName,URL,UrlDescribe)values(12001,12000,0,'产品资料','产品管理','NULL','NULL')
insert into tModel(ModelID,PModelID,OrderNums,ModelName,PModelName,URL,UrlDescribe)values(12002,12000,0,'半成品资料','产品管理','NULL','NULL')
insert into tModel(ModelID,PModelID,OrderNums,ModelName,PModelName,URL,UrlDescribe)values(12003,12000,0,'产品资料','产品管理','NULL','NULL')
insert into tModel(ModelID,PModelID,OrderNums,ModelName,PModelName,URL,UrlDescribe)values(12004,12000,0,'货品价格','产品管理','NULL','NULL')
insert into tModel(ModelID,PModelID,OrderNums,ModelName,PModelName,URL,UrlDescribe)values(12005,12000,0,'产品价格表','产品管理','NULL','NULL')
insert into tModel(ModelID,PModelID,OrderNums,ModelName,PModelName,URL,UrlDescribe)values(12006,12000,0,'产品单位设置','产品管理','NULL','NULL')
insert into tModel(ModelID,PModelID,OrderNums,ModelName,PModelName,URL,UrlDescribe)values(12007,12000,0,'配件资料','产品管理','NULL','NULL')
insert into tModel(ModelID,PModelID,OrderNums,ModelName,PModelName,URL,UrlDescribe)values(12008,12000,0,'易耗品资料','产品管理','NULL','NULL')
insert into tModel(ModelID,PModelID,OrderNums,ModelName,PModelName,URL,UrlDescribe)values(13000,NULL,0,'采购管理','NULL','NULL','NULL')
insert into tModel(ModelID,PModelID,OrderNums,ModelName,PModelName,URL,UrlDescribe)values(13001,13000,0,'采购单','采购管理','NULL','NULL')
insert into tModel(ModelID,PModelID,OrderNums,ModelName,PModelName,URL,UrlDescribe)values(13002,13000,0,'采购退货单','采购管理','NULL','NULL')
insert into tModel(ModelID,PModelID,OrderNums,ModelName,PModelName,URL,UrlDescribe)values(13003,13000,0,'采购统计','采购管理','NULL','NULL')
insert into tModel(ModelID,PModelID,OrderNums,ModelName,PModelName,URL,UrlDescribe)values(13004,13000,0,'采购明细','采购管理','NULL','NULL')
insert into tModel(ModelID,PModelID,OrderNums,ModelName,PModelName,URL,UrlDescribe)values(13005,13000,0,'供应商','采购管理','NULL','NULL')
insert into tModel(ModelID,PModelID,OrderNums,ModelName,PModelName,URL,UrlDescribe)values(13006,13000,0,'供应商价格配置','采购管理','NULL','NULL')
insert into tModel(ModelID,PModelID,OrderNums,ModelName,PModelName,URL,UrlDescribe)values(14000,NULL,0,'库存管理','NULL','NULL','NULL')
insert into tModel(ModelID,PModelID,OrderNums,ModelName,PModelName,URL,UrlDescribe)values(14001,14000,0,'货物入库','库存管理','NULL','NULL')
insert into tModel(ModelID,PModelID,OrderNums,ModelName,PModelName,URL,UrlDescribe)values(14002,14000,0,'货物出库','库存管理','NULL','NULL')
insert into tModel(ModelID,PModelID,OrderNums,ModelName,PModelName,URL,UrlDescribe)values(14003,14000,0,'货物盘点','库存管理','NULL','NULL')
insert into tModel(ModelID,PModelID,OrderNums,ModelName,PModelName,URL,UrlDescribe)values(14004,14000,0,'库存报表','库存管理','NULL','NULL')
insert into tModel(ModelID,PModelID,OrderNums,ModelName,PModelName,URL,UrlDescribe)values(14005,14000,0,'库存预警','库存管理','NULL','NULL')
insert into tModel(ModelID,PModelID,OrderNums,ModelName,PModelName,URL,UrlDescribe)values(14006,14000,0,'调拨单','库存管理','NULL','NULL')
insert into tModel(ModelID,PModelID,OrderNums,ModelName,PModelName,URL,UrlDescribe)values(15000,NULL,0,'订单管理','NULL','NULL','NULL')
insert into tModel(ModelID,PModelID,OrderNums,ModelName,PModelName,URL,UrlDescribe)values(15001,15000,0,'销售订单','订单管理','NULL','NULL')
insert into tModel(ModelID,PModelID,OrderNums,ModelName,PModelName,URL,UrlDescribe)values(16000,NULL,0,'销售管理','NULL','NULL','NULL')
insert into tModel(ModelID,PModelID,OrderNums,ModelName,PModelName,URL,UrlDescribe)values(16001,16000,0,'销售单','销售管理','NULL','NULL')
insert into tModel(ModelID,PModelID,OrderNums,ModelName,PModelName,URL,UrlDescribe)values(16002,16000,0,'销售退货单','销售管理','NULL','NULL')
insert into tModel(ModelID,PModelID,OrderNums,ModelName,PModelName,URL,UrlDescribe)values(16003,16000,0,'销售预警','销售管理','NULL','NULL')
--insert into tModel(ModelID,PModelID,OrderNums,ModelName,PModelName,URL,UrlDescribe)values(16004,16000,0,'销售退货一审','销售管理','NULL','NULL')
--insert into tModel(ModelID,PModelID,OrderNums,ModelName,PModelName,URL,UrlDescribe)values(16005,16000,0,'销售退货反一审','销售管理','NULL','NULL')
insert into tModel(ModelID,PModelID,OrderNums,ModelName,PModelName,URL,UrlDescribe)values(17000,NULL,0,'销售统计','NULL','NULL','NULL')
insert into tModel(ModelID,PModelID,OrderNums,ModelName,PModelName,URL,UrlDescribe)values(17001,17000,0,'产品销售统','销售统计','NULL','NULL')
insert into tModel(ModelID,PModelID,OrderNums,ModelName,PModelName,URL,UrlDescribe)values(17002,17000,0,'区域销售统计','销售统计','NULL','NULL')
insert into tModel(ModelID,PModelID,OrderNums,ModelName,PModelName,URL,UrlDescribe)values(17003,17000,0,'客户销售统计','销售统计','NULL','NULL')
insert into tModel(ModelID,PModelID,OrderNums,ModelName,PModelName,URL,UrlDescribe)values(17004,17000,0,'业务员销售统计','销售统计','NULL','NULL')
insert into tModel(ModelID,PModelID,OrderNums,ModelName,PModelName,URL,UrlDescribe)values(17005,17000,0,'销售明细账','销售统计','NULL','NULL')
insert into tModel(ModelID,PModelID,OrderNums,ModelName,PModelName,URL,UrlDescribe)values(18000,NULL,0,'财务管理','NULL','NULL','NULL')
insert into tModel(ModelID,PModelID,OrderNums,ModelName,PModelName,URL,UrlDescribe)values(18001,18000,0,'销售收款','财务管理','NULL','NULL')
insert into tModel(ModelID,PModelID,OrderNums,ModelName,PModelName,URL,UrlDescribe)values(18002,18000,0,'销售收款审核','财务管理','NULL','NULL')
insert into tModel(ModelID,PModelID,OrderNums,ModelName,PModelName,URL,UrlDescribe)values(18003,18000,0,'采购付款/查询','财务管理','NULL','NULL')
insert into tModel(ModelID,PModelID,OrderNums,ModelName,PModelName,URL,UrlDescribe)values(18004,18000,0,'采购付款审核','财务管理','NULL','NULL')
insert into tModel(ModelID,PModelID,OrderNums,ModelName,PModelName,URL,UrlDescribe)values(18005,18000,0,'客户返点','财务管理','NULL','NULL')
insert into tModel(ModelID,PModelID,OrderNums,ModelName,PModelName,URL,UrlDescribe)values(18006,18000,0,'客户维护费用','财务管理','NULL','NULL')
insert into tModel(ModelID,PModelID,OrderNums,ModelName,PModelName,URL,UrlDescribe)values(18007,18000,0,'返点查询','财务管理','NULL','NULL')
insert into tModel(ModelID,PModelID,OrderNums,ModelName,PModelName,URL,UrlDescribe)values(18008,18000,0,'销售报表列表','财务管理','NULL','NULL')
insert into tModel(ModelID,PModelID,OrderNums,ModelName,PModelName,URL,UrlDescribe)values(18009,18000,0,'客户期初帐','财务管理','NULL','NULL')
insert into tModel(ModelID,PModelID,OrderNums,ModelName,PModelName,URL,UrlDescribe)values(19000,NULL,0,'客户管理','NULL','NULL','NULL')
insert into tModel(ModelID,PModelID,OrderNums,ModelName,PModelName,URL,UrlDescribe)values(19001,19000,0,'客户资料','客户管理','NULL','NULL')
insert into tModel(ModelID,PModelID,OrderNums,ModelName,PModelName,URL,UrlDescribe)values(19002,19000,0,'客户返点设置','客户管理','NULL','NULL')
insert into tModel(ModelID,PModelID,OrderNums,ModelName,PModelName,URL,UrlDescribe)values(19003,19000,0,'客户维护费用','客户管理','NULL','NULL')
insert into tModel(ModelID,PModelID,OrderNums,ModelName,PModelName,URL,UrlDescribe)values(19004,19000,0,'客户合同维护','客户管理','NULL','NULL')
insert into tModel(ModelID,PModelID,OrderNums,ModelName,PModelName,URL,UrlDescribe)values(19005,19000,0,'客户售后服务','客户管理','NULL','NULL')
insert into tModel(ModelID,PModelID,OrderNums,ModelName,PModelName,URL,UrlDescribe)values(19006,19000,0,'短信祝福','客户管理','NULL','NULL')
insert into tModel(ModelID,PModelID,OrderNums,ModelName,PModelName,URL,UrlDescribe)values(19007,19000,0,'销售返点自动提示','客户管理','NULL','NULL')
insert into tModel(ModelID,PModelID,OrderNums,ModelName,PModelName,URL,UrlDescribe)values(19008,19000,0,'客户价格配置','客户管理','NULL','NULL')
insert into tModel(ModelID,PModelID,OrderNums,ModelName,PModelName,URL,UrlDescribe)values(19009,19000,0,'客户分管','客户管理','NULL','NULL')
insert into tModel(ModelID,PModelID,OrderNums,ModelName,PModelName,URL,UrlDescribe)values(21000,NULL,0,'质量管理','NULL','NULL','NULL')
insert into tModel(ModelID,PModelID,OrderNums,ModelName,PModelName,URL,UrlDescribe)values(21001,21000,0,'质检标准','质量管理','NULL','NULL')
insert into tModel(ModelID,PModelID,OrderNums,ModelName,PModelName,URL,UrlDescribe)values(21002,21000,0,'质检报告','质量管理','NULL','NULL')
insert into tModel(ModelID,PModelID,OrderNums,ModelName,PModelName,URL,UrlDescribe)values(22000,NULL,0,'生产管理','NULL','NULL','NULL')
insert into tModel(ModelID,PModelID,OrderNums,ModelName,PModelName,URL,UrlDescribe)values(22001,22000,0,'经营计划','生产管理','NULL','NULL')
insert into tModel(ModelID,PModelID,OrderNums,ModelName,PModelName,URL,UrlDescribe)values(22002,22000,0,'生产派工单','生产管理','NULL','NULL')
insert into tModel(ModelID,PModelID,OrderNums,ModelName,PModelName,URL,UrlDescribe)values(22003,22000,0,'工艺路线','生产管理','NULL','NULL')
insert into tModel(ModelID,PModelID,OrderNums,ModelName,PModelName,URL,UrlDescribe)values(22004,22000,0,'生产请求','生产管理','NULL','NULL')
insert into tModel(ModelID,PModelID,OrderNums,ModelName,PModelName,URL,UrlDescribe)values(22005,22000,0,'生产领料单','生产管理','NULL','NULL')
insert into tModel(ModelID,PModelID,OrderNums,ModelName,PModelName,URL,UrlDescribe)values(22006,22000,0,'计件管理','生产管理','NULL','NULL')
insert into tModel(ModelID,PModelID,OrderNums,ModelName,PModelName,URL,UrlDescribe)values(22007,22000,0,'成本核算','生产管理','NULL','NULL')
insert into tModel(ModelID,PModelID,OrderNums,ModelName,PModelName,URL,UrlDescribe)values(22008,22000,0,'采购申请','生产管理','NULL','NULL')
insert into tModel(ModelID,PModelID,OrderNums,ModelName,PModelName,URL,UrlDescribe)values(22009,22000,0,'物料BOM','生产管理','NULL','NULL')
insert into tModel(ModelID,PModelID,OrderNums,ModelName,PModelName,URL,UrlDescribe)values(22010,22000,0,'车间资料','生产管理','NULL','NULL')
insert into tModel(ModelID,PModelID,OrderNums,ModelName,PModelName,URL,UrlDescribe)values(22011,22000,0,'设备管理','生产管理','NULL','NULL')
insert into tModel(ModelID,PModelID,OrderNums,ModelName,PModelName,URL,UrlDescribe)values(22012,22000,0,'工序定义','生产管理','NULL','NULL')
insert into tModel(ModelID,PModelID,OrderNums,ModelName,PModelName,URL,UrlDescribe)values(22013,22000,0,'计件定额','生产管理','NULL','NULL')
insert into tModel(ModelID,PModelID,OrderNums,ModelName,PModelName,URL,UrlDescribe)values(22014,22000,0,'车间日历','生产管理','NULL','NULL')
insert into tModel(ModelID,PModelID,OrderNums,ModelName,PModelName,URL,UrlDescribe)values(23000,NULL,0,'人力资源','NULL','NULL','NULL')
insert into tModel(ModelID,PModelID,OrderNums,ModelName,PModelName,URL,UrlDescribe)values(23001,23000,0,'员工档案','人力资源','NULL','NULL')
insert into tModel(ModelID,PModelID,OrderNums,ModelName,PModelName,URL,UrlDescribe)values(23002,23000,0,'员工管理','人力资源','NULL','NULL')
insert into tModel(ModelID,PModelID,OrderNums,ModelName,PModelName,URL,UrlDescribe)values(24000,NULL,0,'行政中心','NULL','NULL','NULL')
insert into tModel(ModelID,PModelID,OrderNums,ModelName,PModelName,URL,UrlDescribe)values(24001,24000,0,'发文箱','行政中心','NULL','NULL')
insert into tModel(ModelID,PModelID,OrderNums,ModelName,PModelName,URL,UrlDescribe)values(24002,24000,0,'收文箱','行政中心','NULL','NULL') 
--初始化管理员权限
insert into tRightList(ModelID,ObjID,ObjType,Operator,Range)values(11001,@EmpID,1,'Q,A,M,D,C','0')
insert into tRightList(ModelID,ObjID,ObjType,Operator,Range)values(11002,@EmpID,1,'Q,A,M,D,C','0')
insert into tRightList(ModelID,ObjID,ObjType,Operator,Range)values(11003,@EmpID,1,'Q,A,M,D,C','0')
insert into tRightList(ModelID,ObjID,ObjType,Operator,Range)values(11004,@EmpID,1,'Q,A,M,D,C','0')
insert into tRightList(ModelID,ObjID,ObjType,Operator,Range)values(11005,@EmpID,1,'Q,A,M,D,C','0')
insert into tRightList(ModelID,ObjID,ObjType,Operator,Range)values(11006,@EmpID,1,'Q,A,M,D,C','0')
insert into tRightList(ModelID,ObjID,ObjType,Operator,Range)values(11008,@EmpID,1,'Q,A,M,D,C','0')
insert into tRightList(ModelID,ObjID,ObjType,Operator,Range)values(11009,@EmpID,1,'Q,A,M,D,C','0')
insert into tRightList(ModelID,ObjID,ObjType,Operator,Range)values(11010,@EmpID,1,'Q,A,M,D,C','0')
insert into tRightList(ModelID,ObjID,ObjType,Operator,Range)values(11011,@EmpID,1,'Q,A,M,D,C','0')
insert into tRightList(ModelID,ObjID,ObjType,Operator,Range)values(11012,@EmpID,1,'Q,A,M,D,C','0')
insert into tRightList(ModelID,ObjID,ObjType,Operator,Range)values(11013,@EmpID,1,'Q,A,M,D,C','0')
insert into tRightList(ModelID,ObjID,ObjType,Operator,Range)values(11014,@EmpID,1,'Q,A,M,D,C','0')
insert into tRightList(ModelID,ObjID,ObjType,Operator,Range)values(11015,@EmpID,1,'Q,A,M,D,C','0')
insert into tRightList(ModelID,ObjID,ObjType,Operator,Range)values(11016,@EmpID,1,'Q,A,M,D,C','0')
insert into tRightList(ModelID,ObjID,ObjType,Operator,Range)values(11017,@EmpID,1,'Q,A,M,D,C','0')
insert into tRightList(ModelID,ObjID,ObjType,Operator,Range)values(11018,@EmpID,1,'Q,A,M,D,C','0')
insert into tRightList(ModelID,ObjID,ObjType,Operator,Range)values(11019,@EmpID,1,'Q,A,M,D,C','0')
insert into tRightList(ModelID,ObjID,ObjType,Operator,Range)values(11020,@EmpID,1,'Q,A,M,D,C','0')
insert into tRightList(ModelID,ObjID,ObjType,Operator,Range)values(11021,@EmpID,1,'Q,A,M,D,C','0')
insert into tRightList(ModelID,ObjID,ObjType,Operator,Range)values(11022,@EmpID,1,'Q,A,M,D,C','0')
insert into tRightList(ModelID,ObjID,ObjType,Operator,Range)values(11023,@EmpID,1,'Q,A,M,D,C','0')
insert into tRightList(ModelID,ObjID,ObjType,Operator,Range)values(11024,@EmpID,1,'Q,A,M,D,C','0')
insert into tRightList(ModelID,ObjID,ObjType,Operator,Range)values(11025,@EmpID,1,'Q,A,M,D,C','0')
insert into tRightList(ModelID,ObjID,ObjType,Operator,Range)values(11026,@EmpID,1,'Q,A,M,D,C','0')
insert into tRightList(ModelID,ObjID,ObjType,Operator,Range)values(11027,@EmpID,1,'Q,A,M,D,C','0')
insert into tRightList(ModelID,ObjID,ObjType,Operator,Range)values(11028,@EmpID,1,'Q,A,M,D,C','0')
insert into tRightList(ModelID,ObjID,ObjType,Operator,Range)values(11029,@EmpID,1,'Q,A,M,D,C','0')
insert into tRightList(ModelID,ObjID,ObjType,Operator,Range)values(11030,@EmpID,1,'Q,A,M,D,C','0')
insert into tRightList(ModelID,ObjID,ObjType,Operator,Range)values(11031,@EmpID,1,'Q,A,M,D,C','0')
insert into tRightList(ModelID,ObjID,ObjType,Operator,Range)values(11032,@EmpID,1,'Q,A,M,D,C','0')
insert into tRightList(ModelID,ObjID,ObjType,Operator,Range)values(11033,@EmpID,1,'Q,A,M,D,C','0')
insert into tRightList(ModelID,ObjID,ObjType,Operator,Range)values(12001,@EmpID,1,'Q,A,M,D,C','0')
insert into tRightList(ModelID,ObjID,ObjType,Operator,Range)values(12002,@EmpID,1,'Q,A,M,D,C','0')
insert into tRightList(ModelID,ObjID,ObjType,Operator,Range)values(12003,@EmpID,1,'Q,A,M,D,C','0')
insert into tRightList(ModelID,ObjID,ObjType,Operator,Range)values(12004,@EmpID,1,'Q,A,M,D,C','0')
insert into tRightList(ModelID,ObjID,ObjType,Operator,Range)values(12005,@EmpID,1,'Q,A,M,D,C','0')
insert into tRightList(ModelID,ObjID,ObjType,Operator,Range)values(12006,@EmpID,1,'Q,A,M,D,C','0')
insert into tRightList(ModelID,ObjID,ObjType,Operator,Range)values(13001,@EmpID,1,'Q,A,M,D,C','0')
insert into tRightList(ModelID,ObjID,ObjType,Operator,Range)values(13002,@EmpID,1,'Q,A,M,D,C','0')
insert into tRightList(ModelID,ObjID,ObjType,Operator,Range)values(13003,@EmpID,1,'Q,A,M,D,C','0')
insert into tRightList(ModelID,ObjID,ObjType,Operator,Range)values(13004,@EmpID,1,'Q,A,M,D,C','0')
insert into tRightList(ModelID,ObjID,ObjType,Operator,Range)values(13005,@EmpID,1,'Q,A,M,D,C','0')
insert into tRightList(ModelID,ObjID,ObjType,Operator,Range)values(14001,@EmpID,1,'Q,A,M,D,C','0')
insert into tRightList(ModelID,ObjID,ObjType,Operator,Range)values(14002,@EmpID,1,'Q,A,M,D,C','0')
insert into tRightList(ModelID,ObjID,ObjType,Operator,Range)values(14003,@EmpID,1,'Q,A,M,D,C','0')
insert into tRightList(ModelID,ObjID,ObjType,Operator,Range)values(14004,@EmpID,1,'Q,A,M,D,C','0')
insert into tRightList(ModelID,ObjID,ObjType,Operator,Range)values(14005,@EmpID,1,'Q,A,M,D,C','0')
insert into tRightList(ModelID,ObjID,ObjType,Operator,Range)values(14006,@EmpID,1,'Q,A,M,D,C','0')
insert into tRightList(ModelID,ObjID,ObjType,Operator,Range)values(15001,@EmpID,1,'Q,A,M,D,C','0')
insert into tRightList(ModelID,ObjID,ObjType,Operator,Range)values(16001,@EmpID,1,'Q,A,M,D,C','0')
insert into tRightList(ModelID,ObjID,ObjType,Operator,Range)values(16002,@EmpID,1,'Q,A,M,D,C','0')
insert into tRightList(ModelID,ObjID,ObjType,Operator,Range)values(16003,@EmpID,1,'Q,A,M,D,C','0')
insert into tRightList(ModelID,ObjID,ObjType,Operator,Range)values(17001,@EmpID,1,'Q,A,M,D,C','0')
insert into tRightList(ModelID,ObjID,ObjType,Operator,Range)values(17002,@EmpID,1,'Q,A,M,D,C','0')
insert into tRightList(ModelID,ObjID,ObjType,Operator,Range)values(17003,@EmpID,1,'Q,A,M,D,C','0')
insert into tRightList(ModelID,ObjID,ObjType,Operator,Range)values(17004,@EmpID,1,'Q,A,M,D,C','0')
insert into tRightList(ModelID,ObjID,ObjType,Operator,Range)values(17005,@EmpID,1,'Q,A,M,D,C','0')
insert into tRightList(ModelID,ObjID,ObjType,Operator,Range)values(18001,@EmpID,1,'Q,A,M,D,C','0')
insert into tRightList(ModelID,ObjID,ObjType,Operator,Range)values(18002,@EmpID,1,'Q,A,M,D,C','0')
insert into tRightList(ModelID,ObjID,ObjType,Operator,Range)values(18003,@EmpID,1,'Q,A,M,D,C','0')
insert into tRightList(ModelID,ObjID,ObjType,Operator,Range)values(18004,@EmpID,1,'Q,A,M,D,C','0')
insert into tRightList(ModelID,ObjID,ObjType,Operator,Range)values(18005,@EmpID,1,'Q,A,M,D,C','0')
insert into tRightList(ModelID,ObjID,ObjType,Operator,Range)values(18006,@EmpID,1,'Q,A,M,D,C','0')
insert into tRightList(ModelID,ObjID,ObjType,Operator,Range)values(18007,@EmpID,1,'Q,A,M,D,C','0')
insert into tRightList(ModelID,ObjID,ObjType,Operator,Range)values(18008,@EmpID,1,'Q,A,M,D,C','0')
insert into tRightList(ModelID,ObjID,ObjType,Operator,Range)values(19001,@EmpID,1,'Q,A,M,D,C','0')
insert into tRightList(ModelID,ObjID,ObjType,Operator,Range)values(19002,@EmpID,1,'Q,A,M,D,C','0')
insert into tRightList(ModelID,ObjID,ObjType,Operator,Range)values(19003,@EmpID,1,'Q,A,M,D,C','0')
insert into tRightList(ModelID,ObjID,ObjType,Operator,Range)values(19004,@EmpID,1,'Q,A,M,D,C','0')
insert into tRightList(ModelID,ObjID,ObjType,Operator,Range)values(19005,@EmpID,1,'Q,A,M,D,C','0')
insert into tRightList(ModelID,ObjID,ObjType,Operator,Range)values(19006,@EmpID,1,'Q,A,M,D,C','0')
insert into tRightList(ModelID,ObjID,ObjType,Operator,Range)values(19007,@EmpID,1,'Q,A,M,D,C','0')
insert into tRightList(ModelID,ObjID,ObjType,Operator,Range)values(21001,@EmpID,1,'Q,A,M,D,C','0')
insert into tRightList(ModelID,ObjID,ObjType,Operator,Range)values(21002,@EmpID,1,'Q,A,M,D,C','0')
insert into tRightList(ModelID,ObjID,ObjType,Operator,Range)values(22001,@EmpID,1,'Q,A,M,D,C','0')
insert into tRightList(ModelID,ObjID,ObjType,Operator,Range)values(22002,@EmpID,1,'Q,A,M,D,C','0')
insert into tRightList(ModelID,ObjID,ObjType,Operator,Range)values(22003,@EmpID,1,'Q,A,M,D,C','0')
insert into tRightList(ModelID,ObjID,ObjType,Operator,Range)values(22004,@EmpID,1,'Q,A,M,D,C','0')
insert into tRightList(ModelID,ObjID,ObjType,Operator,Range)values(22005,@EmpID,1,'Q,A,M,D,C','0')
insert into tRightList(ModelID,ObjID,ObjType,Operator,Range)values(22006,@EmpID,1,'Q,A,M,D,C','0')
insert into tRightList(ModelID,ObjID,ObjType,Operator,Range)values(22007,@EmpID,1,'Q,A,M,D,C','0')
insert into tRightList(ModelID,ObjID,ObjType,Operator,Range)values(22008,@EmpID,1,'Q,A,M,D,C','0')
insert into tRightList(ModelID,ObjID,ObjType,Operator,Range)values(22009,@EmpID,1,'Q,A,M,D,C','0')
insert into tRightList(ModelID,ObjID,ObjType,Operator,Range)values(22010,@EmpID,1,'Q,A,M,D,C','0')
insert into tRightList(ModelID,ObjID,ObjType,Operator,Range)values(22011,@EmpID,1,'Q,A,M,D,C','0')
insert into tRightList(ModelID,ObjID,ObjType,Operator,Range)values(22012,@EmpID,1,'Q,A,M,D,C','0')
insert into tRightList(ModelID,ObjID,ObjType,Operator,Range)values(22013,@EmpID,1,'Q,A,M,D,C','0')
insert into tRightList(ModelID,ObjID,ObjType,Operator,Range)values(22014,@EmpID,1,'Q,A,M,D,C','0')
insert into tRightList(ModelID,ObjID,ObjType,Operator,Range)values(23001,@EmpID,1,'Q,A,M,D,C','0')
insert into tRightList(ModelID,ObjID,ObjType,Operator,Range)values(23002,@EmpID,1,'Q,A,M,D,C','0')
insert into tRightList(ModelID,ObjID,ObjType,Operator,Range)values(24001,@EmpID,1,'Q,A,M,D,C','0')
insert into tRightList(ModelID,ObjID,ObjType,Operator,Range)values(24002,@EmpID,1,'Q,A,M,D,C','0')
GO
--初始化快捷键表
declare @MenuID int

insert into tMenu(PMenuID,MenuName,PMenuName,URL,Stauts,OrderNums,UrlDescribe)values(NULL,'产品管理','NULL','NULL',0,0,'NULL')
set @MenuID=@@identity
insert into tMenu(PMenuID,MenuName,PMenuName,URL,Stauts,OrderNums,UrlDescribe)values(@MenuID,'产品价目表','产品管理','Product/PriceList.aspx',0,0,'NULL')
insert into tMenu(PMenuID,MenuName,PMenuName,URL,Stauts,OrderNums,UrlDescribe)values(@MenuID,'产品价格设置','产品管理','Product/PriceDep.aspx',0,0,'NULL')
insert into tMenu(PMenuID,MenuName,PMenuName,URL,Stauts,OrderNums,UrlDescribe)values(@MenuID,'产品资料录入/查询','产品管理','Product/Product.aspx?GoodsType=2',0,0,'NULL')
insert into tMenu(PMenuID,MenuName,PMenuName,URL,Stauts,OrderNums,UrlDescribe)values(@MenuID,'半成品资料录入/查询','产品管理','Product/MidProduct.aspx',0,0,'NULL')
insert into tMenu(PMenuID,MenuName,PMenuName,URL,Stauts,OrderNums,UrlDescribe)values(@MenuID,'产品资料录入/查询','产品管理','Product/MateProduct.aspx',0,0,'NULL')
insert into tMenu(PMenuID,MenuName,PMenuName,URL,Stauts,OrderNums,UrlDescribe)values(@MenuID,'配件资料录入/查询','产品管理','Product/Pack.aspx',0,0,'NULL')
insert into tMenu(PMenuID,MenuName,PMenuName,URL,Stauts,OrderNums,UrlDescribe)values(@MenuID,'易耗品料资料录入/查询','产品管理','Product/Office.aspx',0,0,'NULL')

insert into tMenu(PMenuID,MenuName,PMenuName,URL,Stauts,OrderNums,UrlDescribe)values(NULL,'采购管理','NULL','NULL',0,0,'NULL')
set @MenuID=@@identity
insert into tMenu(PMenuID,MenuName,PMenuName,URL,Stauts,OrderNums,UrlDescribe)values(@MenuID,'采购开单','采购管理','Buy/BillOfBuyEdit.aspx',0,0,'NULL')
insert into tMenu(PMenuID,MenuName,PMenuName,URL,Stauts,OrderNums,UrlDescribe)values(@MenuID,'采购单查询','采购管理','Buy/BillOfBuySearch.aspx',0,0,'NULL')
insert into tMenu(PMenuID,MenuName,PMenuName,URL,Stauts,OrderNums,UrlDescribe)values(@MenuID,'采购单审核','采购管理','Buy/BillOfBuy.aspx',0,0,'NULL')
insert into tMenu(PMenuID,MenuName,PMenuName,URL,Stauts,OrderNums,UrlDescribe)values(@MenuID,'采购退货','采购管理','Buy/BillOfBuyBack.aspx',0,0,'NULL')
insert into tMenu(PMenuID,MenuName,PMenuName,URL,Stauts,OrderNums,UrlDescribe)values(@MenuID,'材料采购明细','采购管理','Buy/BuyProductsList.aspx',0,0,'NULL')
insert into tMenu(PMenuID,MenuName,PMenuName,URL,Stauts,OrderNums,UrlDescribe)values(@MenuID,'查询退货单','采购管理','Buy/BillOfBuyBackSearch.aspx',0,0,'NULL')
insert into tMenu(PMenuID,MenuName,PMenuName,URL,Stauts,OrderNums,UrlDescribe)values(@MenuID,'材料采购统计','采购管理','Buy/CalBuyOfProducts.aspx',0,0,'NULL')
insert into tMenu(PMenuID,MenuName,PMenuName,URL,Stauts,OrderNums,UrlDescribe)values(@MenuID,'采购员情况统计','采购管理','Buy/CalBuyProductOfBuyer.aspx',0,0,'NULL')
insert into tMenu(PMenuID,MenuName,PMenuName,URL,Stauts,OrderNums,UrlDescribe)values(@MenuID,'供应商情况统计','采购管理','Buy/CalBuyProductOfProvider.aspx',0,0,'NULL')
insert into tMenu(PMenuID,MenuName,PMenuName,URL,Stauts,OrderNums,UrlDescribe)values(@MenuID,'供应商管理','采购管理','Customer/ProviderList.aspx',0,0,'NULL')

insert into tMenu(PMenuID,MenuName,PMenuName,URL,Stauts,OrderNums,UrlDescribe)values(NULL,'库房管理','NULL','NULL',0,0,'NULL')
set @MenuID=@@identity
insert into tMenu(PMenuID,MenuName,PMenuName,URL,Stauts,OrderNums,UrlDescribe)values(@MenuID,'产品库存预警','库房管理','Storeroom/Waring.aspx',0,0,'NULL')
insert into tMenu(PMenuID,MenuName,PMenuName,URL,Stauts,OrderNums,UrlDescribe)values(@MenuID,'半成品库存预警','库房管理','Storeroom/WaringMidProc.aspx',0,0,'NULL')
insert into tMenu(PMenuID,MenuName,PMenuName,URL,Stauts,OrderNums,UrlDescribe)values(@MenuID,'配件库存预警','库房管理','Storeroom/WaringPacking.aspx',0,0,'NULL')
insert into tMenu(PMenuID,MenuName,PMenuName,URL,Stauts,OrderNums,UrlDescribe)values(@MenuID,'产品库存预警','库房管理','Storeroom/WaringMate.aspx',0,0,'NULL')
insert into tMenu(PMenuID,MenuName,PMenuName,URL,Stauts,OrderNums,UrlDescribe)values(@MenuID,'产品入库','库房管理','Storeroom/BillOfMateProcPutinEdit.aspx',0,0,'NULL')
insert into tMenu(PMenuID,MenuName,PMenuName,URL,Stauts,OrderNums,UrlDescribe)values(@MenuID,'配件入库','库房管理','Storeroom/BillOfPackingPutinEdit.aspx',0,0,'NULL')
insert into tMenu(PMenuID,MenuName,PMenuName,URL,Stauts,OrderNums,UrlDescribe)values(@MenuID,'半成品入库','库房管理','Storeroom/BillOfMidProcPutinEdit.aspx',0,0,'NULL')
insert into tMenu(PMenuID,MenuName,PMenuName,URL,Stauts,OrderNums,UrlDescribe)values(@MenuID,'产品入库','库房管理','Storeroom/BillOfPutinEdit.aspx',0,0,'NULL')
insert into tMenu(PMenuID,MenuName,PMenuName,URL,Stauts,OrderNums,UrlDescribe)values(@MenuID,'产品出库','库房管理','Storeroom/BillOfMateProcTakeoutEdit.aspx',0,0,'NULL')
insert into tMenu(PMenuID,MenuName,PMenuName,URL,Stauts,OrderNums,UrlDescribe)values(@MenuID,'配件出库','库房管理','Storeroom/BillOfPackingTakeoutEdit.aspx',0,0,'NULL')
insert into tMenu(PMenuID,MenuName,PMenuName,URL,Stauts,OrderNums,UrlDescribe)values(@MenuID,'半成品出库','库房管理','Storeroom/BillOfMidProcTakeoutEdit.aspx',0,0,'NULL')
insert into tMenu(PMenuID,MenuName,PMenuName,URL,Stauts,OrderNums,UrlDescribe)values(@MenuID,'产品出库','库房管理','Storeroom/BillOfTakeoutEdit.aspx',0,0,'NULL')
insert into tMenu(PMenuID,MenuName,PMenuName,URL,Stauts,OrderNums,UrlDescribe)values(@MenuID,'产品盘点','库房管理','Storeroom/CheckTableEdit.aspx',0,0,'NULL')
insert into tMenu(PMenuID,MenuName,PMenuName,URL,Stauts,OrderNums,UrlDescribe)values(@MenuID,'半成品盘点','库房管理','Storeroom/CheckTableMidProcEdit.aspx',0,0,'NULL')
insert into tMenu(PMenuID,MenuName,PMenuName,URL,Stauts,OrderNums,UrlDescribe)values(@MenuID,'配件盘点','库房管理','Storeroom/CheckTablePackingEdit.aspx',0,0,'NULL')
insert into tMenu(PMenuID,MenuName,PMenuName,URL,Stauts,OrderNums,UrlDescribe)values(@MenuID,'产品盘点','库房管理','Storeroom/CheckTableMateProcEdit.aspx',0,0,'NULL')
insert into tMenu(PMenuID,MenuName,PMenuName,URL,Stauts,OrderNums,UrlDescribe)values(@MenuID,'产品库存查询','库房管理','Storeroom/StoreQueryMateProc.aspx',0,0,'NULL')
insert into tMenu(PMenuID,MenuName,PMenuName,URL,Stauts,OrderNums,UrlDescribe)values(@MenuID,'配件库存查询','库房管理','Storeroom/StoreQueryPacking.aspx',0,0,'NULL')
insert into tMenu(PMenuID,MenuName,PMenuName,URL,Stauts,OrderNums,UrlDescribe)values(@MenuID,'半成品库存查询','库房管理','Storeroom/StoreQueryMidProc.aspx',0,0,'NULL')
insert into tMenu(PMenuID,MenuName,PMenuName,URL,Stauts,OrderNums,UrlDescribe)values(@MenuID,'成品库存查询','库房管理','Storeroom/StoreQuery.aspx',0,0,'NULL')
insert into tMenu(PMenuID,MenuName,PMenuName,URL,Stauts,OrderNums,UrlDescribe)values(@MenuID,'产品入库统计','库房管理','Storeroom/CountOfPutinMateProc.aspx',0,0,'NULL')
insert into tMenu(PMenuID,MenuName,PMenuName,URL,Stauts,OrderNums,UrlDescribe)values(@MenuID,'配件入库统计','库房管理','Storeroom/CountOfPutinPacking.aspx',0,0,'NULL')
insert into tMenu(PMenuID,MenuName,PMenuName,URL,Stauts,OrderNums,UrlDescribe)values(@MenuID,'半成品入库统计','库房管理','Storeroom/CountOfPutinMidProc.aspx',0,0,'NULL')
insert into tMenu(PMenuID,MenuName,PMenuName,URL,Stauts,OrderNums,UrlDescribe)values(@MenuID,'成品入库统计','库房管理','Storeroom/CountOfPutin.aspx',0,0,'NULL')
insert into tMenu(PMenuID,MenuName,PMenuName,URL,Stauts,OrderNums,UrlDescribe)values(@MenuID,'产品出库统计','库房管理','Storeroom/CountOfTakeoutMateProc.aspx',0,0,'NULL')
insert into tMenu(PMenuID,MenuName,PMenuName,URL,Stauts,OrderNums,UrlDescribe)values(@MenuID,'配件出库统计','库房管理','Storeroom/CountOfTakeoutPacking.aspx',0,0,'NULL')
insert into tMenu(PMenuID,MenuName,PMenuName,URL,Stauts,OrderNums,UrlDescribe)values(@MenuID,'半成品出库统计','库房管理','Storeroom/CountOfTakeoutMidProc.aspx',0,0,'NULL')
insert into tMenu(PMenuID,MenuName,PMenuName,URL,Stauts,OrderNums,UrlDescribe)values(@MenuID,'成品出库统计','库房管理','Storeroom/CountOfTakeout.aspx',0,0,'NULL')
insert into tMenu(PMenuID,MenuName,PMenuName,URL,Stauts,OrderNums,UrlDescribe)values(@MenuID,'产品入库单','库房管理','Storeroom/BillOfPutinMateQuery.aspx',0,0,'NULL')
insert into tMenu(PMenuID,MenuName,PMenuName,URL,Stauts,OrderNums,UrlDescribe)values(@MenuID,'配件入库单','库房管理','Storeroom/BillOfPutinPackingQuery.aspx',0,0,'NULL')
insert into tMenu(PMenuID,MenuName,PMenuName,URL,Stauts,OrderNums,UrlDescribe)values(@MenuID,'半成品入库单','库房管理','Storeroom/BillOfPutinMidProQuery.aspx',0,0,'NULL')
insert into tMenu(PMenuID,MenuName,PMenuName,URL,Stauts,OrderNums,UrlDescribe)values(@MenuID,'成品入库单','库房管理','Storeroom/BillOfPutinQuery.aspx',0,0,'NULL')
insert into tMenu(PMenuID,MenuName,PMenuName,URL,Stauts,OrderNums,UrlDescribe)values(@MenuID,'产品出库单','库房管理','Storeroom/BillOfTakeoutMateQuery.aspx',0,0,'NULL')
insert into tMenu(PMenuID,MenuName,PMenuName,URL,Stauts,OrderNums,UrlDescribe)values(@MenuID,'配件出库单','库房管理','Storeroom/BillOfTakeoutPackingQuery.aspx',0,0,'NULL')
insert into tMenu(PMenuID,MenuName,PMenuName,URL,Stauts,OrderNums,UrlDescribe)values(@MenuID,'半成品出库单','库房管理','Storeroom/BillOfTakeoutMidProQuery.aspx',0,0,'NULL')
insert into tMenu(PMenuID,MenuName,PMenuName,URL,Stauts,OrderNums,UrlDescribe)values(@MenuID,'产品出库单','库房管理','Storeroom/BillOfTakeoutQuery.aspx',0,0,'NULL')
insert into tMenu(PMenuID,MenuName,PMenuName,URL,Stauts,OrderNums,UrlDescribe)values(@MenuID,'货品入库','库房管理','Storeroom/BillOfPutinEdit.aspx',0,0,'NULL')

insert into tMenu(PMenuID,MenuName,PMenuName,URL,Stauts,OrderNums,UrlDescribe)values(NULL,'定单管理','NULL','NULL',0,0,'NULL')
set @MenuID=@@identity
insert into tMenu(PMenuID,MenuName,PMenuName,URL,Stauts,OrderNums,UrlDescribe)values(@MenuID,'定单录入','定单管理','Order/OrderEdit.aspx',0,0,'NULL')
insert into tMenu(PMenuID,MenuName,PMenuName,URL,Stauts,OrderNums,UrlDescribe)values(@MenuID,'定单审核','定单管理','Order/OrderOfQuery.aspx',0,0,'NULL')
insert into tMenu(PMenuID,MenuName,PMenuName,URL,Stauts,OrderNums,UrlDescribe)values(@MenuID,'定单查询','定单管理','Order/OrderOfSellSearch.aspx',0,0,'NULL')

insert into tMenu(PMenuID,MenuName,PMenuName,URL,Stauts,OrderNums,UrlDescribe)values(NULL,'销售管理','NULL','NULL',0,0,'NULL')
set @MenuID=@@identity
insert into tMenu(PMenuID,MenuName,PMenuName,URL,Stauts,OrderNums,UrlDescribe)values(@MenuID,'查询销售单','销售管理','Sell/BillOfSellSearch.aspx',0,0,'NULL')
insert into tMenu(PMenuID,MenuName,PMenuName,URL,Stauts,OrderNums,UrlDescribe)values(@MenuID,'查询退货单','销售管理','Sell/BillOfSellBackSearch.aspx',0,0,'NULL')
insert into tMenu(PMenuID,MenuName,PMenuName,URL,Stauts,OrderNums,UrlDescribe)values(@MenuID,'开具销售单','销售管理','Sell/BillOfSellEdit.aspx',0,0,'NULL')
insert into tMenu(PMenuID,MenuName,PMenuName,URL,Stauts,OrderNums,UrlDescribe)values(@MenuID,'审核销售单','销售管理','Sell/BillOfSell.aspx',0,0,'NULL')
insert into tMenu(PMenuID,MenuName,PMenuName,URL,Stauts,OrderNums,UrlDescribe)values(@MenuID,'销售退单','销售管理','Sell/BillOfSellBack.aspx',0,0,'NULL')
insert into tMenu(PMenuID,MenuName,PMenuName,URL,Stauts,OrderNums,UrlDescribe)values(@MenuID,'销售予警','销售管理','Count/SellWar.aspx',0,0,'NULL')

insert into tMenu(PMenuID,MenuName,PMenuName,URL,Stauts,OrderNums,UrlDescribe)values(NULL,'销售统计','NULL','NULL',0,0,'NULL')
set @MenuID=@@identity
insert into tMenu(PMenuID,MenuName,PMenuName,URL,Stauts,OrderNums,UrlDescribe)values(@MenuID,'区域销售统计','销售统计','COUNT/CalSellProductOfArea.aspx',0,0,'NULL')
insert into tMenu(PMenuID,MenuName,PMenuName,URL,Stauts,OrderNums,UrlDescribe)values(@MenuID,'客户销售统计','销售统计','COUNT/CalSellProductOfCustomer.aspx',0,0,'NULL')
insert into tMenu(PMenuID,MenuName,PMenuName,URL,Stauts,OrderNums,UrlDescribe)values(@MenuID,'按产品销售报表','销售统计','COUNT/CalSellOfProducts.aspx',0,0,'NULL')
insert into tMenu(PMenuID,MenuName,PMenuName,URL,Stauts,OrderNums,UrlDescribe)values(@MenuID,'业务员业绩报表','销售统计','COUNT/CalSellProductOfSeller.aspx',0,0,'NULL')
insert into tMenu(PMenuID,MenuName,PMenuName,URL,Stauts,OrderNums,UrlDescribe)values(@MenuID,'销售明细帐','销售统计','COUNT/SellProductsList.aspx',0,0,'NULL')

insert into tMenu(PMenuID,MenuName,PMenuName,URL,Stauts,OrderNums,UrlDescribe)values(NULL,'财务管理','NULL','NULL',0,0,'NULL')
set @MenuID=@@identity
insert into tMenu(PMenuID,MenuName,PMenuName,URL,Stauts,OrderNums,UrlDescribe)values(@MenuID,'销售收款/查询','财务管理','Finance/ReceiveList.aspx',0,0,'NULL')
insert into tMenu(PMenuID,MenuName,PMenuName,URL,Stauts,OrderNums,UrlDescribe)values(@MenuID,'销售付款审核','财务管理','Finance/SellList.aspx',0,0,'NULL')
insert into tMenu(PMenuID,MenuName,PMenuName,URL,Stauts,OrderNums,UrlDescribe)values(@MenuID,'采购付款/查询','财务管理','Finance/StockList.aspx',0,0,'NULL')
insert into tMenu(PMenuID,MenuName,PMenuName,URL,Stauts,OrderNums,UrlDescribe)values(@MenuID,'采购付款审核','财务管理','Finance/StockCheck.aspx',0,0,'NULL')
insert into tMenu(PMenuID,MenuName,PMenuName,URL,Stauts,OrderNums,UrlDescribe)values(@MenuID,'返点查询','财务管理','Finance/BackPointList.aspx',0,0,'NULL')

insert into tMenu(PMenuID,MenuName,PMenuName,URL,Stauts,OrderNums,UrlDescribe)values(NULL,'客户管理','NULL','NULL',0,0,'NULL')
set @MenuID=@@identity
insert into tMenu(PMenuID,MenuName,PMenuName,URL,Stauts,OrderNums,UrlDescribe)values(@MenuID,'客户资料管理','客户管理','Customer/CustomerMeg.aspx',0,0,'NULL')
insert into tMenu(PMenuID,MenuName,PMenuName,URL,Stauts,OrderNums,UrlDescribe)values(@MenuID,'销售返点设置','客户管理','Customer/CommTaskList.aspx',0,0,'NULL')
insert into tMenu(PMenuID,MenuName,PMenuName,URL,Stauts,OrderNums,UrlDescribe)values(@MenuID,'客户维护费用','客户管理','Customer/KeepFeeList.aspx',0,0,'NULL')
insert into tMenu(PMenuID,MenuName,PMenuName,URL,Stauts,OrderNums,UrlDescribe)values(@MenuID,'客户合同维护','客户管理','Customer/ContractList.aspx',0,0,'NULL')
insert into tMenu(PMenuID,MenuName,PMenuName,URL,Stauts,OrderNums,UrlDescribe)values(@MenuID,'客户短信','客户管理','Customer/SMSCustList.aspx',0,0,'NULL')
insert into tMenu(PMenuID,MenuName,PMenuName,URL,Stauts,OrderNums,UrlDescribe)values(@MenuID,'售后服务记录','客户管理','Customer/SelledHelpList.aspx',0,0,'NULL')
insert into tMenu(PMenuID,MenuName,PMenuName,URL,Stauts,OrderNums,UrlDescribe)values(@MenuID,'销售返点自动提示','客户管理','Customer/BackPointHint.aspx',0,0,'NULL')

insert into tMenu(PMenuID,MenuName,PMenuName,URL,Stauts,OrderNums,UrlDescribe)values(NULL,'系统配置','NULL','NULL',0,0,'NULL')
set @MenuID=@@identity
insert into tMenu(PMenuID,MenuName,PMenuName,URL,Stauts,OrderNums,UrlDescribe)values(@MenuID,'计量单位','系统配置','Config/tUnit.aspx',0,0,'NULL')
insert into tMenu(PMenuID,MenuName,PMenuName,URL,Stauts,OrderNums,UrlDescribe)values(@MenuID,'仓库/货位','系统配置','Config/tStoreHouse.aspx',0,0,'NULL')
insert into tMenu(PMenuID,MenuName,PMenuName,URL,Stauts,OrderNums,UrlDescribe)values(@MenuID,'公司资料','系统配置','Config/TCompany.aspx',0,0,'NULL')
insert into tMenu(PMenuID,MenuName,PMenuName,URL,Stauts,OrderNums,UrlDescribe)values(@MenuID,'部门资料','系统配置','Config/TDepartment.aspx',0,0,'NULL')
insert into tMenu(PMenuID,MenuName,PMenuName,URL,Stauts,OrderNums,UrlDescribe)values(@MenuID,'用户/员工资料','系统配置','Config/TEmployee.aspx',0,0,'NULL')
insert into tMenu(PMenuID,MenuName,PMenuName,URL,Stauts,OrderNums,UrlDescribe)values(@MenuID,'地域资料','系统配置','Config/tArea.aspx',0,0,'NULL')
insert into tMenu(PMenuID,MenuName,PMenuName,URL,Stauts,OrderNums,UrlDescribe)values(@MenuID,'产品状态','系统配置','Config/ProcdutStatus.aspx',0,0,'NULL')
insert into tMenu(PMenuID,MenuName,PMenuName,URL,Stauts,OrderNums,UrlDescribe)values(@MenuID,'公司类别','系统配置','Config/gongsileibie.aspx',0,0,'NULL')
insert into tMenu(PMenuID,MenuName,PMenuName,URL,Stauts,OrderNums,UrlDescribe)values(@MenuID,'收款方式','系统配置','Config/webGathType.aspx',0,0,'NULL')
insert into tMenu(PMenuID,MenuName,PMenuName,URL,Stauts,OrderNums,UrlDescribe)values(@MenuID,'产品类型','系统配置','Config/tProcType.aspx',0,0,'NULL')
insert into tMenu(PMenuID,MenuName,PMenuName,URL,Stauts,OrderNums,UrlDescribe)values(@MenuID,'半成品类型','系统配置','Config/tMidProcType.aspx',0,0,'NULL')
insert into tMenu(PMenuID,MenuName,PMenuName,URL,Stauts,OrderNums,UrlDescribe)values(@MenuID,'产品类型','系统配置','Config/TMaterielType.aspx',0,0,'NULL')
insert into tMenu(PMenuID,MenuName,PMenuName,URL,Stauts,OrderNums,UrlDescribe)values(@MenuID,'产品型号','系统配置','Config/webProcModel.aspx',0,0,'NULL')
insert into tMenu(PMenuID,MenuName,PMenuName,URL,Stauts,OrderNums,UrlDescribe)values(@MenuID,'半成品型号','系统配置','Config/MidProcModel.aspx',0,0,'NULL')
insert into tMenu(PMenuID,MenuName,PMenuName,URL,Stauts,OrderNums,UrlDescribe)values(@MenuID,'产品型号','系统配置','Config/MaterielModel.aspx',0,0,'NULL')
insert into tMenu(PMenuID,MenuName,PMenuName,URL,Stauts,OrderNums,UrlDescribe)values(@MenuID,'产品规格','系统配置','Config/webProcSpec.aspx',0,0,'NULL')
insert into tMenu(PMenuID,MenuName,PMenuName,URL,Stauts,OrderNums,UrlDescribe)values(@MenuID,'半成品规格','系统配置','Config/MidProcSpec.aspx',0,0,'NULL')
insert into tMenu(PMenuID,MenuName,PMenuName,URL,Stauts,OrderNums,UrlDescribe)values(@MenuID,'产品规格','系统配置','Config/MaterielSpec.aspx',0,0,'NULL')
insert into tMenu(PMenuID,MenuName,PMenuName,URL,Stauts,OrderNums,UrlDescribe)values(@MenuID,'产品颜色','系统配置','Config/webColor.aspx',0,0,'NULL')
insert into tMenu(PMenuID,MenuName,PMenuName,URL,Stauts,OrderNums,UrlDescribe)values(@MenuID,'运输方式','系统配置','Config/webTranType.aspx',0,0,'NULL')
insert into tMenu(PMenuID,MenuName,PMenuName,URL,Stauts,OrderNums,UrlDescribe)values(@MenuID,'客户类别','系统配置','Config/webCustomerType.aspx',0,0,'NULL')
insert into tMenu(PMenuID,MenuName,PMenuName,URL,Stauts,OrderNums,UrlDescribe)values(@MenuID,'维护费用类别','系统配置','Config/webFeeType.aspx',0,0,'NULL')
insert into tMenu(PMenuID,MenuName,PMenuName,URL,Stauts,OrderNums,UrlDescribe)values(@MenuID,'权限组','系统配置','Config/PowerGroup.aspx',0,0,'NULL')
insert into tMenu(PMenuID,MenuName,PMenuName,URL,Stauts,OrderNums,UrlDescribe)values(@MenuID,'按权限组配置','系统配置','Power/RightSetRole.aspx',0,0,'NULL')
insert into tMenu(PMenuID,MenuName,PMenuName,URL,Stauts,OrderNums,UrlDescribe)values(@MenuID,'按人员配置','系统配置','Power/RightSetWorker.aspx',0,0,'NULL')
insert into tMenu(PMenuID,MenuName,PMenuName,URL,Stauts,OrderNums,UrlDescribe)values(@MenuID,'按模块配置','系统配置','Power/RightSetModel.aspx',0,0,'NULL')
insert into tMenu(PMenuID,MenuName,PMenuName,URL,Stauts,OrderNums,UrlDescribe)values(@MenuID,'配件类型','系统配置','Config/PackType.aspx',0,0,'NULL')
insert into tMenu(PMenuID,MenuName,PMenuName,URL,Stauts,OrderNums,UrlDescribe)values(@MenuID,'配件型号','系统配置','Config/PackModel.aspx',0,0,'NULL')
insert into tMenu(PMenuID,MenuName,PMenuName,URL,Stauts,OrderNums,UrlDescribe)values(@MenuID,'配件规格','系统配置','Config/PackSpec.aspx',0,0,'NULL')
insert into tMenu(PMenuID,MenuName,PMenuName,URL,Stauts,OrderNums,UrlDescribe)values(@MenuID,'易耗品类型','系统配置','Config/OfficeType.aspx',0,0,'NULL')
insert into tMenu(PMenuID,MenuName,PMenuName,URL,Stauts,OrderNums,UrlDescribe)values(@MenuID,'易耗品型号','系统配置','Config/OfficeModel.aspx',0,0,'NULL')
insert into tMenu(PMenuID,MenuName,PMenuName,URL,Stauts,OrderNums,UrlDescribe)values(@MenuID,'易耗品规格','系统配置','Config/OfficeSpec.aspx',0,0,'NULL')

insert into tMenu(PMenuID,MenuName,PMenuName,URL,Stauts,OrderNums,UrlDescribe)values(NULL,'质量管理','NULL','NULL',0,0,'NULL')
set @MenuID=@@identity
insert into tMenu(PMenuID,MenuName,PMenuName,URL,Stauts,OrderNums,UrlDescribe)values(@MenuID,'质检标准','质量管理','QualityCheck/QualityStandard.aspx',0,0,'NULL')
insert into tMenu(PMenuID,MenuName,PMenuName,URL,Stauts,OrderNums,UrlDescribe)values(@MenuID,'质检报告','质量管理','QualityCheck/QualityRecordView.aspx',0,0,'NULL')

insert into tMenu(PMenuID,MenuName,PMenuName,URL,Stauts,OrderNums,UrlDescribe)values(NULL,'生产管理','NULL','NULL',0,0,'NULL')
set @MenuID=@@identity
insert into tMenu(PMenuID,MenuName,PMenuName,URL,Stauts,OrderNums,UrlDescribe)values(@MenuID,'经营计划','生产管理','Produce/PdMainPlanView.aspx',0,0,'NULL')
insert into tMenu(PMenuID,MenuName,PMenuName,URL,Stauts,OrderNums,UrlDescribe)values(@MenuID,'生产派工单','生产管理','Produce/PdSendWorkerView.aspx',0,0,'NULL')
insert into tMenu(PMenuID,MenuName,PMenuName,URL,Stauts,OrderNums,UrlDescribe)values(@MenuID,'工艺路线','生产管理','Produce/PdCrafRouteView.aspx',0,0,'NULL')
insert into tMenu(PMenuID,MenuName,PMenuName,URL,Stauts,OrderNums,UrlDescribe)values(@MenuID,'生产请求','生产管理','Produce/PdPlanView.aspx',0,0,'NULL')
insert into tMenu(PMenuID,MenuName,PMenuName,URL,Stauts,OrderNums,UrlDescribe)values(@MenuID,'生产领料单','生产管理','Produce/GetMaterialView.aspx',0,0,'NULL')
insert into tMenu(PMenuID,MenuName,PMenuName,URL,Stauts,OrderNums,UrlDescribe)values(@MenuID,'计件管理','生产管理','Produce/PdcalcView.aspx',0,0,'NULL')
insert into tMenu(PMenuID,MenuName,PMenuName,URL,Stauts,OrderNums,UrlDescribe)values(@MenuID,'成本核算','生产管理','Produce/PdCostOfProductView.aspx',0,0,'0NULL')
insert into tMenu(PMenuID,MenuName,PMenuName,URL,Stauts,OrderNums,UrlDescribe)values(@MenuID,'采购申请','生产管理','Produce/BuyApplyView.aspx',0,0,'NULL')
insert into tMenu(PMenuID,MenuName,PMenuName,URL,Stauts,OrderNums,UrlDescribe)values(@MenuID,'物料BOM','生产管理','Produce/ProductInstallView.aspx',0,0,'NULL')
insert into tMenu(PMenuID,MenuName,PMenuName,URL,Stauts,OrderNums,UrlDescribe)values(@MenuID,'车间资料','生产管理','Produce/PdClass.aspx',0,0,'NULL')
insert into tMenu(PMenuID,MenuName,PMenuName,URL,Stauts,OrderNums,UrlDescribe)values(@MenuID,'设备管理','生产管理','Produce/PdEquipments.aspx',0,0,'NULL')
insert into tMenu(PMenuID,MenuName,PMenuName,URL,Stauts,OrderNums,UrlDescribe)values(@MenuID,'工序定义','生产管理','Produce/PdWorkPreface.aspx',0,0,'NULL')
insert into tMenu(PMenuID,MenuName,PMenuName,URL,Stauts,OrderNums,UrlDescribe)values(@MenuID,'计件定额','生产管理','Produce/PdCalcUnit.aspx',0,0,'NULL')
insert into tMenu(PMenuID,MenuName,PMenuName,URL,Stauts,OrderNums,UrlDescribe)values(@MenuID,'车间日历','生产管理','Produce/WorkCarDate.aspx',0,0,'NULL')

insert into tMenu(PMenuID,MenuName,PMenuName,URL,Stauts,OrderNums,UrlDescribe)values(NULL,'人力资源','NULL','NULL',0,0,'NULL')
set @MenuID=@@identity
insert into tMenu(PMenuID,MenuName,PMenuName,URL,Stauts,OrderNums,UrlDescribe)values(@MenuID,'员工档案','人力资源','Humanres/EmployeeEdit.aspx',0,0,'NULL')
insert into tMenu(PMenuID,MenuName,PMenuName,URL,Stauts,OrderNums,UrlDescribe)values(@MenuID,'员工管理','人力资源','Humanres/EmployeeView.aspx',0,0,'NULL')

insert into tMenu(PMenuID,MenuName,PMenuName,URL,Stauts,OrderNums,UrlDescribe)values(NULL,'行政中心','NULL','NULL',0,0,'NULL')
set @MenuID=@@identity
insert into tMenu(PMenuID,MenuName,PMenuName,URL,Stauts,OrderNums,UrlDescribe)values(@MenuID,'发文箱','行政中心','AdminCenter/DocMain.aspx',0,0,'NULL')
insert into tMenu(PMenuID,MenuName,PMenuName,URL,Stauts,OrderNums,UrlDescribe)values(@MenuID,'收文箱','行政中心','AdminCenter/NewDoc.aspx',0,0,'NULL')
GO
